{
  "total_episodes": 32,
  "average_step_time": 0.06285213255005417,
  "max_step_time": 0.09265685081481934,
  "action_statistics": {
    "num_actions": 571,
    "mean_action": [
      0.03668612614274025,
      0.007074837107211351,
      -0.05556179955601692,
      0.001600030460394919
    ],
    "std_action": [
      0.5800303816795349,
      0.5951838493347168,
      0.6090145111083984,
      0.5441250801086426
    ],
    "min_action": [
      -1.7174121141433716,
      -1.6856107711791992,
      -1.7074741125106812,
      -1.0
    ],
    "max_action": [
      1.6631553173065186,
      1.652766466140747,
      1.7630060911178589,
      1.0
    ],
    "component_names": [
      "vx",
      "vy",
      "vz",
      "yaw_rate"
    ],
    "velocity_statistics": {
      "mean_translational_speed": 0.952586829662323,
      "max_translational_speed": 2.4227046966552734,
      "mean_yaw_rate": 0.4374259114265442
    },
    "clipping_rate": 10.332749562171628
  },
  "target_statistics": {
    "total_targets": 30,
    "targets_by_floor": {
      "floor_1": 6,
      "floor_2": 6,
      "floor_3": 6,
      "floor_4": 6,
      "floor_5": 6
    },
    "targets_by_difficulty": {
      "easy": 6,
      "medium": 12,
      "hard": 12
    },
    "current_target": null,
    "curriculum_phase": 1,
    "target_history_length": 32,
    "recent_targets": [
      "Landing_101",
      "Landing_106",
      "Landing_102",
      "Landing_103",
      "Landing_101",
      "Landing_102",
      "Landing_101",
      "Landing_104",
      "Landing_103",
      "Landing_104"
    ]
  },
  "curriculum_progress": {
    "curriculum_enabled": true,
    "total_progress": {
      "timesteps_completed": 571,
      "total_timesteps": 5000000,
      "completion_percentage": 0.01142
    },
    "current_phase": {
      "phase_number": 1,
      "phase_name": "single_floor_static",
      "episodes_completed": 31,
      "timesteps_completed": 571,
      "success_rate": 0.0,
      "recent_success_rate": 0.0,
      "ready_for_next": false,
      "phase_duration": 103.80472874641418
    },
    "phase_configs": {
      "1": {
        "name": "single_floor_static",
        "timesteps": 1000000,
        "active_floors": 1,
        "dynamic_obstacles": false,
        "difficulty": "easy",
        "success_threshold": 0.85
      },
      "2": {
        "name": "two_floors_dynamic",
        "timesteps": 2000000,
        "active_floors": 2,
        "dynamic_obstacles": true,
        "difficulty": "medium",
        "success_threshold": 0.9
      },
      "3": {
        "name": "five_floors_full",
        "timesteps": 2000000,
        "active_floors": 5,
        "dynamic_obstacles": true,
        "difficulty": "hard",
        "success_threshold": 0.96
      }
    },
    "all_phases_progress": {
      "1": {
        "episodes_completed": 31,
        "timesteps_completed": 571,
        "success_rate": 0.0,
        "ready_for_next": false
      },
      "2": {
        "episodes_completed": 0,
        "timesteps_completed": 0,
        "success_rate": 0.0,
        "ready_for_next": false
      },
      "3": {
        "episodes_completed": 0,
        "timesteps_completed": 0,
        "success_rate": 0.0,
        "ready_for_next": false
      }
    }
  }
}