{
  "map_name": "building_5floors",
  "timestamp": "2025-11-13T17:33:38.162835",
  "resolution": 1.0,
  "bounds": {
    "x_min": -144.72628957878322,
    "x_max": 26.759221574694557,
    "y_min": -59.85281374238569,
    "y_max": 119.85281374238569,
    "z_min": -55.86132812499999,
    "z_max": 28.548828124999993
  },
  "dimensions": {
    "x": 171,
    "y": 179,
    "z": 84
  },
  "total_cells": 2571156,
  "occupied_cells": 11122,
  "occupancy_rate": 0.004325680744381126,
  "files": {
    "grid": "data/maps\\building_5floors_grid.npy",
    "obstacles": "data/maps\\building_5floors_obstacles.npy",
    "metadata": "data/maps\\building_5floors_metadata.json"
  }
}